"basin","basin_id","site","site_id","latitude","longitude","ak_acid_weed","ak_broad-ribbed_kelp","ak_bull_kelp","ak_feather_boa_n","ak_five-ribbed_kelp","ak_giant_kelp_n","ak_sieve_kelp","ak_sugar_kelp","ak_three-ribbed_kelp","ak_torn_kelp","ak_winged_kelp","ak_wire_weed","ak_woody_kelp"
"South_Puget_Sound",1,"Devils_Head",1,47.166934,-122.761201,31.63,NA,NA,NA,0,NA,0,22.1,NA,NA,NA,0,NA
"South_Puget_Sound",1,"Ketron_Island",2,47.167661,-122.63057,390,NA,NA,NA,457.89,NA,0,158.24,NA,NA,NA,NA,NA
"South_Puget_Sound",1,"Squaxin_Island",3,47.16767,-122.895667,224.35,NA,0,NA,0,NA,NA,0,NA,NA,0,2253.24,NA
"South_Puget_Sound",1,"Fox_Island_East_Wall",4,47.228194,-122.589757,19.3,NA,NA,NA,545.45,NA,90.63,211.97,NA,NA,NA,Inf,NA
"South_Puget_Sound",1,"Titlow_Beach",5,47.246982,-122.555038,112.87,1037.5,70.27,NA,43.53,NA,24.59,60.23,0,NA,0,212.77,177.78
"Central_Puget_Sound",2,"Salmon_Beach",6,47.296017,-122.53165,128.54,NA,67.29,NA,102.1,NA,250,124.46,NA,NA,NA,85.71,451.69
"Central_Puget_Sound",2,"Owen_Beach",7,47.31752,-122.53389,387.04,79.31,594.07,NA,345.45,NA,Inf,182.39,NA,0,0,217.72,151.51
"Central_Puget_Sound",2,"Point_Dalco",8,47.333519,-122.519126,30.62,0,238.89,NA,635.14,NA,0,86.04,NA,0,NA,637.38,NA
"Central_Puget_Sound",2,"Saltwater_State_Park",9,47.373282,-122.327981,71.43,NA,NA,NA,40,NA,Inf,83.19,NA,NA,NA,NA,NA
"Hood_Canal",3,"Sund_Rock",10,47.435996,-123.12022,0,0,NA,NA,NA,NA,45.73,49.29,NA,NA,0,4.11,NA
"Central_Puget_Sound",2,"Glen_Acres",11,47.48005,-122.448455,34.62,0,65.22,NA,127.27,NA,0,49.21,NA,NA,0,1876.92,NA
"Central_Puget_Sound",2,"Point_Vashon",12,47.512553,-122.473981,97.79,NA,44.78,NA,242.51,NA,0,59.66,0,NA,0,94.74,NA
"Central_Puget_Sound",2,"Blake_Island_South",13,47.53049,-122.49498,173.53,0,21.43,NA,75.43,NA,0,107.89,NA,NA,NA,Inf,46.4
"Central_Puget_Sound",2,"Lincoln_Park",14,47.536153,-122.397348,2.21,NA,134.92,NA,82.88,NA,180,74.64,NA,NA,0,NA,NA
"Central_Puget_Sound",2,"Seattle_Waterfront",15,47.608873,-122.349157,0,NA,12.9,NA,22.5,NA,2550,72.37,NA,0,NA,120,NA
"Central_Puget_Sound",2,"Wing_Point",16,47.615814,-122.488302,218.62,NA,NA,NA,77.97,NA,0,52.13,NA,NA,NA,634.92,NA
"Central_Puget_Sound",2,"Sirens_of_Spring",17,47.618148,-122.360893,NA,NA,50,NA,62.5,NA,600,72.26,NA,NA,NA,585.29,NA
"Central_Puget_Sound",2,"Grain_Terminal",18,47.624131,-122.369154,Inf,NA,32.5,NA,36.36,NA,112.96,80.97,NA,NA,NA,716.67,NA
"Central_Puget_Sound",2,"Elliot_Bay_Marina",19,47.627001,-122.391019,NA,NA,0,NA,111.11,NA,109.57,NA,NA,NA,Inf,4.78,NA
"Central_Puget_Sound",2,"Magnolia",20,47.631423,-122.401099,80.95,NA,248.15,NA,206.1,NA,85.71,145.25,0,NA,NA,944,NA
"Hood_Canal",3,"Goby_Gardens",21,47.631907,-122.94162,NA,NA,NA,NA,NA,NA,173.77,0,NA,NA,NA,Inf,NA
"Hood_Canal",3,"Pulali_Point",22,47.735708,-122.85479,0,NA,NA,NA,NA,NA,140.34,37.5,NA,NA,NA,Inf,NA
"Central_Puget_Sound",2,"Jefferson_Head",23,47.744509,-122.475293,52.94,NA,NA,NA,6.43,NA,166.67,129.13,NA,NA,NA,525,300
"Central_Puget_Sound",2,"Edmonds_Shell_Creek",24,47.819549,-122.37838,0,NA,51.3,NA,140.23,NA,0,91.09,NA,NA,285.71,35.18,NA
"Northern_Coast",4,"Teahwhit_Head",25,47.87103,-124.60768,NA,NA,NA,NA,NA,NA,NA,NA,NA,NA,NA,NA,NA
"Admiralty_Inlet",5,"Possession_Point",26,47.90005,-122.383133,44.44,Inf,185.29,NA,71.9,NA,91.62,46.66,NA,NA,NA,733.33,NA
"Admiralty_Inlet",5,"Foulweather_Bluff",27,47.941083,-122.6012,62.84,0,70.3,NA,119.26,NA,37.11,113.91,0,NA,0,0,153.53
"Northern_Coast",4,"Rock_305",28,47.95185,-124.6698,NA,NA,NA,NA,NA,NA,NA,NA,NA,NA,NA,NA,NA
"Saratoga/Whidbey_Basin",6,"South_Hat_Island",29,48.003363,-122.301536,0,NA,202.42,NA,7.89,NA,NA,62.33,NA,NA,NA,Inf,NA
"Eastern_Strait_of_Juan_de_Fuca",7,"Green_Point",30,48.118525,-123.315716,20.47,39.8,29.09,NA,147.17,NA,571.43,42.06,NA,200,25,NA,101.81
"Saratoga/Whidbey_Basin",6,"Lowell_Point",31,48.11942,-122.48704,0,NA,192.54,NA,0,NA,0,73.02,NA,0,NA,0,NA
"Eastern_Strait_of_Juan_de_Fuca",7,"Dallas_Banks",32,48.133602,-122.934924,137.61,1000,Inf,NA,40.91,NA,Inf,57.43,Inf,NA,90.24,Inf,313.77
"Eastern_Strait_of_Juan_de_Fuca",7,"McCurdy_Point",33,48.138791,-122.844791,230.14,401.08,362.92,NA,370.27,NA,20.25,112.13,0,2550,Inf,0,50.6
"Eastern_Strait_of_Juan_de_Fuca",7,"Lower_Elwha",34,48.13964,-123.585069,60.66,0,787.5,NA,233.33,NA,847.06,107.35,NA,Inf,Inf,NA,154.55
"Eastern_Strait_of_Juan_de_Fuca",7,"Freshwater_Bay",35,48.141606,-123.613191,121.1,122.1,51.14,NA,32.76,NA,0,68.17,9.54,83.07,0,NA,208.78
"Eastern_Strait_of_Juan_de_Fuca",7,"North_Beach",36,48.144779,-122.778533,322.11,31.58,113.56,0,97.38,NA,NA,117.52,134.79,0,34.29,NA,49.84
"Eastern_Strait_of_Juan_de_Fuca",7,"Tongue_Point",37,48.256822,-124.275318,141.92,320,154.42,Inf,167.88,Inf,NA,800,Inf,309.09,371.43,NA,148.39
"Eastern_Strait_of_Juan_de_Fuca",7,"Ebeys_Landing",38,48.18384,-122.7004,1.45,60.6,41.21,0,76.24,NA,0,6.68,4.63,657.69,4.11,0,118.14
"Eastern_Strait_of_Juan_de_Fuca",7,"Partridge_Point",39,48.225837,-122.771572,5.57,167.61,10.61,0,257.14,NA,NA,34.9,5.32,46.34,7.56,0,105.8
"Western_Strait_of_Juan_de_Fuca",8,"Clallam_Bay_West",40,48.256822,-124.275318,150.72,4.3,56.72,0,NA,166.67,0,128.57,0,101.1,5,NA,56.98
"Western_Strait_of_Juan_de_Fuca",8,"Sekiu_Point",41,48.267782,-124.297828,77.06,265.88,503.92,NA,194.29,247.83,325,221.92,640,115.54,0,NA,123
"Eastern_Strait_of_Juan_de_Fuca",7,"Smith_Island",43,48.318961,-122.849565,37.93,21.78,62.55,NA,103.89,NA,1600,70.77,128.04,13.79,NA,NA,89.97
"Eastern_Strait_of_Juan_de_Fuca",7,"Rosario_Head",44,48.415477,-122.66477,42.7,0,72,NA,80.93,NA,435.27,98.01,36.36,0,0,NA,300
"San_Juan_Islands",9,"Watmough_Bay",45,48.431304,-122.803311,60,68.18,99.62,NA,61.54,NA,61.9,26.55,82.35,338.46,0,0,79.1
"San_Juan_Islands",9,"Cattle_Point",46,48.45148,-122.961402,203.36,78.57,1266.67,61.11,39.04,NA,NA,79.19,1371.73,47.67,124.94,NA,411.14
"San_Juan_Islands",9,"Eagle_Cove",47,48.459734,-123.033258,200,0.96,50.21,NA,56.92,NA,51.31,49.45,15.38,0,1600,NA,39.77
"North_Puget_Sound",10,"Burrows_Lighthouse",48,48.477268,-122.714451,48.39,153.57,205.7,NA,136.82,NA,70.39,6.32,175.8,0,0,NA,712.3
"San_Juan_Islands",9,"Deadmans_Bay",49,48.512846,-123.147129,190.14,77.23,310.53,0,145.45,NA,151.63,260.17,50,0,300,NA,372
"San_Juan_Islands",9,"Reef_Point",50,48.536839,-122.718458,7.78,19.05,6.68,NA,188.4,NA,16.07,110.94,127.88,Inf,NA,400,0
"San_Juan_Islands",9,"Smallpox_Bay",51,48.541072,-123.161846,0,52.39,0,NA,86.54,NA,60.51,115.73,NA,0,0,112.5,3.8
"San_Juan_Islands",9,"South_Shaw_Island",52,48.548389,-122.953611,Inf,NA,NA,Inf,650,NA,171.43,281.96,NA,NA,Inf,NA,0
"San_Juan_Islands",9,"Point_Caution",53,48.563167,-123.025641,73.56,185.29,9.06,NA,50.5,NA,123.52,110.1,NA,NA,21.12,0,0
"San_Juan_Islands",9,"Reuben_Tarte",54,48.612837,-123.097222,247.83,228.26,NA,NA,539.19,NA,148.91,69.72,0,0,NA,0,0
"San_Juan_Islands",9,"Lawrence_Point",55,48.66048,-122.741701,200,111.48,200,NA,336.17,NA,95.81,135.83,0,0,1600,1.08,48.89
"San_Juan_Islands",9,"Satellite_Island",56,48.684762,-123.191924,NA,NA,0,NA,922.22,NA,82.51,67.76,NA,NA,Inf,38.1,NA
"North_Puget_Sound",10,"Derelict_Conveyor",57,48.855254,-122.730835,308.82,NA,157.52,NA,55.56,NA,0,62.35,NA,NA,133.33,96.92,NA
"North_Puget_Sound",10,"Point_Whitehorn",58,48.896331,-122.795095,95.85,NA,553.68,NA,24.49,NA,NA,102.22,NA,NA,0,214.29,NA
